dataset,classifier,hyperparameter,metric,value
no_preprocessing,LogReg,0.03,recall,0.36009679142415085
no_preprocessing,LogReg,0.03,precision,0.25050018959059667
no_preprocessing,LogReg,0.03,fscore,0.18276397319474996
no_preprocessing,LogReg,0.1,recall,0.3500768989906432
no_preprocessing,LogReg,0.1,precision,0.25091346952965365
no_preprocessing,LogReg,0.1,fscore,0.17511132966897505
no_preprocessing,LogReg,1.0,recall,0.34488482260034414
no_preprocessing,LogReg,1.0,precision,0.2522406447323487
no_preprocessing,LogReg,1.0,fscore,0.17001706062333488
no_preprocessing,LogReg,10.0,recall,0.24563141218008733
no_preprocessing,LogReg,10.0,precision,0.25254947198801464
no_preprocessing,LogReg,10.0,fscore,0.19012212889611171
no_preprocessing,LogReg,30.0,recall,0.3837368761451926
no_preprocessing,LogReg,30.0,precision,0.25187557518691345
no_preprocessing,LogReg,30.0,fscore,0.1736182341235859
no_preprocessing,LogReg,0.03,recall,0.34386988208596814
no_preprocessing,LogReg,0.03,precision,0.2509041803773896
no_preprocessing,LogReg,0.03,fscore,0.16678914966936703
no_preprocessing,LogReg,0.1,recall,0.33637364373855555
no_preprocessing,LogReg,0.1,precision,0.250637133784695
no_preprocessing,LogReg,0.1,fscore,0.16734717965217277
no_preprocessing,LogReg,1.0,recall,0.2615436743289374
no_preprocessing,LogReg,1.0,precision,0.24962511555623473
no_preprocessing,LogReg,1.0,fscore,0.18179620411960634
no_preprocessing,LogReg,10.0,recall,0.24756091571082955
no_preprocessing,LogReg,10.0,precision,0.2502311482936652
no_preprocessing,LogReg,10.0,fscore,0.1763819817108172
no_preprocessing,LogReg,30.0,recall,0.28065486672788337
no_preprocessing,LogReg,30.0,precision,0.25033222781529973
no_preprocessing,LogReg,30.0,fscore,0.1754483164100074
no_preprocessing,LogReg,0.03,recall,0.3462613841653594
no_preprocessing,LogReg,0.03,precision,0.25135680564874124
no_preprocessing,LogReg,0.03,fscore,0.17761383648597684
no_preprocessing,LogReg,0.1,recall,0.3391465615919697
no_preprocessing,LogReg,0.1,precision,0.2511638784080823
no_preprocessing,LogReg,0.1,fscore,0.1716568646226677
no_preprocessing,LogReg,1.0,recall,0.3662968450786144
no_preprocessing,LogReg,1.0,precision,0.2520556928935621
no_preprocessing,LogReg,1.0,fscore,0.18107652713458344
no_preprocessing,LogReg,10.0,recall,0.3145979879800824
no_preprocessing,LogReg,10.0,precision,0.25124411025555654
no_preprocessing,LogReg,10.0,fscore,0.1753313018925015
no_preprocessing,LogReg,30.0,recall,0.35623831783748106
no_preprocessing,LogReg,30.0,precision,0.25171315432304886
no_preprocessing,LogReg,30.0,fscore,0.1821815053407767
no_preprocessing,LogReg,0.03,recall,0.48229279164338096
no_preprocessing,LogReg,0.03,precision,0.2521995204385611
no_preprocessing,LogReg,0.03,fscore,0.1683671828734076
no_preprocessing,LogReg,0.1,recall,0.3796770204956157
no_preprocessing,LogReg,0.1,precision,0.25212940381453336
no_preprocessing,LogReg,0.1,fscore,0.10942759156246623
no_preprocessing,LogReg,1.0,recall,0.37861847543455174
no_preprocessing,LogReg,1.0,precision,0.25175076884451014
no_preprocessing,LogReg,1.0,fscore,0.16533910510205835
no_preprocessing,LogReg,10.0,recall,0.27245548985641627
no_preprocessing,LogReg,10.0,precision,0.25109210949232713
no_preprocessing,LogReg,10.0,fscore,0.17715065807822403
no_preprocessing,LogReg,30.0,recall,0.2839285770440958
no_preprocessing,LogReg,30.0,precision,0.25023357716670774
no_preprocessing,LogReg,30.0,fscore,0.18565607885330995
no_preprocessing,LogReg,0.03,recall,0.3635431884737694
no_preprocessing,LogReg,0.03,precision,0.2537235034146533
no_preprocessing,LogReg,0.03,fscore,0.18785866124857442
no_preprocessing,LogReg,0.1,recall,0.3532068986791687
no_preprocessing,LogReg,0.1,precision,0.2515345957096016
no_preprocessing,LogReg,0.1,fscore,0.18954511336746524
no_preprocessing,LogReg,1.0,recall,0.3233506156711165
no_preprocessing,LogReg,1.0,precision,0.2530444033239782
no_preprocessing,LogReg,1.0,fscore,0.18917727417690544
no_preprocessing,LogReg,10.0,recall,0.3487369600036898
no_preprocessing,LogReg,10.0,precision,0.2523213988569105
no_preprocessing,LogReg,10.0,fscore,0.1847333989490272
no_preprocessing,LogReg,30.0,recall,0.33702057086372456
no_preprocessing,LogReg,30.0,precision,0.2506058216296842
no_preprocessing,LogReg,30.0,fscore,0.18480152265616862
no_preprocessing,LogReg,0.03,recall,0.27345361774241084
no_preprocessing,LogReg,0.03,precision,0.2506312595566794
no_preprocessing,LogReg,0.03,fscore,0.1760490430630537
no_preprocessing,LogReg,0.1,recall,0.39487021599090566
no_preprocessing,LogReg,0.1,precision,0.25137703439788
no_preprocessing,LogReg,0.1,fscore,0.1800614483224482
no_preprocessing,LogReg,1.0,recall,0.3841186950023157
no_preprocessing,LogReg,1.0,precision,0.2511468020742823
no_preprocessing,LogReg,1.0,fscore,0.18122342729861585
no_preprocessing,LogReg,10.0,recall,0.386856737611048
no_preprocessing,LogReg,10.0,precision,0.2522998311730578
no_preprocessing,LogReg,10.0,fscore,0.18926920575094497
no_preprocessing,LogReg,30.0,recall,0.39786680034524863
no_preprocessing,LogReg,30.0,precision,0.2510446186370108
no_preprocessing,LogReg,30.0,fscore,0.1884369022474332
no_preprocessing,LogReg,0.03,recall,0.25029472443265544
no_preprocessing,LogReg,0.03,precision,0.2520213365771812
no_preprocessing,LogReg,0.03,fscore,0.15169147585129433
no_preprocessing,LogReg,0.1,recall,0.3390178308281756
no_preprocessing,LogReg,0.1,precision,0.2527063654549047
no_preprocessing,LogReg,0.1,fscore,0.1846424339596459
no_preprocessing,LogReg,1.0,recall,0.3421366468780262
no_preprocessing,LogReg,1.0,precision,0.25224131981557807
no_preprocessing,LogReg,1.0,fscore,0.18593661212297277
no_preprocessing,LogReg,10.0,recall,0.40814018357121806
no_preprocessing,LogReg,10.0,precision,0.2524030681748614
no_preprocessing,LogReg,10.0,fscore,0.18565721849826333
no_preprocessing,LogReg,30.0,recall,0.421878026188371
no_preprocessing,LogReg,30.0,precision,0.2525450182602067
no_preprocessing,LogReg,30.0,fscore,0.2151344011172794
no_preprocessing,LogReg,0.03,recall,0.2408635425876805
no_preprocessing,LogReg,0.03,precision,0.2505820122961914
no_preprocessing,LogReg,0.03,fscore,0.1610992950799359
no_preprocessing,LogReg,0.1,recall,0.23228232495473874
no_preprocessing,LogReg,0.1,precision,0.25020821825867623
no_preprocessing,LogReg,0.1,fscore,0.18381628662241128
no_preprocessing,LogReg,1.0,recall,0.23361595301250476
no_preprocessing,LogReg,1.0,precision,0.2504447384444178
no_preprocessing,LogReg,1.0,fscore,0.17843365281667356
no_preprocessing,LogReg,10.0,recall,0.25880436613195235
no_preprocessing,LogReg,10.0,precision,0.2520942144005547
no_preprocessing,LogReg,10.0,fscore,0.1876779858041743
no_preprocessing,LogReg,30.0,recall,0.22419634962738408
no_preprocessing,LogReg,30.0,precision,0.25003621495344514
no_preprocessing,LogReg,30.0,fscore,0.16874075212690834
no_preprocessing,LogReg,0.03,recall,0.3291035210584201
no_preprocessing,LogReg,0.03,precision,0.25064634697890026
no_preprocessing,LogReg,0.03,fscore,0.18006345846402844
no_preprocessing,LogReg,0.1,recall,0.29094546789300785
no_preprocessing,LogReg,0.1,precision,0.2505222658458735
no_preprocessing,LogReg,0.1,fscore,0.1791570522784664
no_preprocessing,LogReg,1.0,recall,0.3237187349492858
no_preprocessing,LogReg,1.0,precision,0.25217661097506605
no_preprocessing,LogReg,1.0,fscore,0.18639723141472891
no_preprocessing,LogReg,10.0,recall,0.3092948717948718
no_preprocessing,LogReg,10.0,precision,0.24996010045736647
no_preprocessing,LogReg,10.0,fscore,0.18321693612390547
no_preprocessing,LogReg,30.0,recall,0.3401368177309094
no_preprocessing,LogReg,30.0,precision,0.25069698033587323
no_preprocessing,LogReg,30.0,fscore,0.17711660826830533
no_preprocessing,LogReg,0.03,recall,0.26978798261125847
no_preprocessing,LogReg,0.03,precision,0.25029998355806066
no_preprocessing,LogReg,0.03,fscore,0.17198119077784754
no_preprocessing,LogReg,0.1,recall,0.32881620966408603
no_preprocessing,LogReg,0.1,precision,0.25079327805516494
no_preprocessing,LogReg,0.1,fscore,0.17345420582894686
no_preprocessing,LogReg,1.0,recall,0.318745821742037
no_preprocessing,LogReg,1.0,precision,0.25202324506032436
no_preprocessing,LogReg,1.0,fscore,0.16019936334887197
no_preprocessing,LogReg,10.0,recall,0.30801601036567394
no_preprocessing,LogReg,10.0,precision,0.2508761550730134
no_preprocessing,LogReg,10.0,fscore,0.1768378205556264
no_preprocessing,LogReg,30.0,recall,0.28375830260291995
no_preprocessing,LogReg,30.0,precision,0.2509138093528776
no_preprocessing,LogReg,30.0,fscore,0.17068744733822064
freq_filt,LogReg,0.03,recall,0.3858120794867783
freq_filt,LogReg,0.03,precision,0.2538575185694042
freq_filt,LogReg,0.03,fscore,0.19025625251728817
freq_filt,LogReg,0.1,recall,0.37077889479997916
freq_filt,LogReg,0.1,precision,0.25321072548163687
freq_filt,LogReg,0.1,fscore,0.18879975834257168
freq_filt,LogReg,1.0,recall,0.34975942731966825
freq_filt,LogReg,1.0,precision,0.2515573029521823
freq_filt,LogReg,1.0,fscore,0.18729845234683398
freq_filt,LogReg,10.0,recall,0.35520751838522924
freq_filt,LogReg,10.0,precision,0.2563782265565032
freq_filt,LogReg,10.0,fscore,0.19212100094496903
freq_filt,LogReg,30.0,recall,0.37845994367078706
freq_filt,LogReg,30.0,precision,0.2543368311474777
freq_filt,LogReg,30.0,fscore,0.18989790439990062
freq_filt,LogReg,0.03,recall,0.2993027554774543
freq_filt,LogReg,0.03,precision,0.2506085587012574
freq_filt,LogReg,0.03,fscore,0.18081354402092356
freq_filt,LogReg,0.1,recall,0.24256376153966513
freq_filt,LogReg,0.1,precision,0.2498685868107246
freq_filt,LogReg,0.1,fscore,0.1829566244029169
freq_filt,LogReg,1.0,recall,0.2859718093151828
freq_filt,LogReg,1.0,precision,0.25001186156801575
freq_filt,LogReg,1.0,fscore,0.18130326787156015
freq_filt,LogReg,10.0,recall,0.301510989010989
freq_filt,LogReg,10.0,precision,0.2504276878740887
freq_filt,LogReg,10.0,fscore,0.18429923868415463
freq_filt,LogReg,30.0,recall,0.2663662642578305
freq_filt,LogReg,30.0,precision,0.252352106480892
freq_filt,LogReg,30.0,fscore,0.18591260072944252
freq_filt,LogReg,0.03,recall,0.36772845628267314
freq_filt,LogReg,0.03,precision,0.2520872003586118
freq_filt,LogReg,0.03,fscore,0.18300741010173743
freq_filt,LogReg,0.1,recall,0.3260775870715629
freq_filt,LogReg,0.1,precision,0.25243013042370627
freq_filt,LogReg,0.1,fscore,0.1793974463532451
freq_filt,LogReg,1.0,recall,0.40861217096156854
freq_filt,LogReg,1.0,precision,0.25279637175415814
freq_filt,LogReg,1.0,fscore,0.1787267518001388
freq_filt,LogReg,10.0,recall,0.33732893612411685
freq_filt,LogReg,10.0,precision,0.2518772697823224
freq_filt,LogReg,10.0,fscore,0.18484858972653648
freq_filt,LogReg,30.0,recall,0.3248876123876124
freq_filt,LogReg,30.0,precision,0.2513309072224933
freq_filt,LogReg,30.0,fscore,0.18384699662328802
freq_filt,LogReg,0.03,recall,0.39508749282845673
freq_filt,LogReg,0.03,precision,0.2512589732242088
freq_filt,LogReg,0.03,fscore,0.18357476034021553
freq_filt,LogReg,0.1,recall,0.38673776023173617
freq_filt,LogReg,0.1,precision,0.2525885866384975
freq_filt,LogReg,0.1,fscore,0.18531152805942497
freq_filt,LogReg,1.0,recall,0.37800126580247057
freq_filt,LogReg,1.0,precision,0.25236083995847325
freq_filt,LogReg,1.0,fscore,0.18433868516592206
freq_filt,LogReg,10.0,recall,0.3973620255246761
freq_filt,LogReg,10.0,precision,0.25262185444045193
freq_filt,LogReg,10.0,fscore,0.18165690054545452
freq_filt,LogReg,30.0,recall,0.3147176618562161
freq_filt,LogReg,30.0,precision,0.2517888025245054
freq_filt,LogReg,30.0,fscore,0.18117813116416956
freq_filt,LogReg,0.03,recall,0.3795161164137068
freq_filt,LogReg,0.03,precision,0.25074247615520306
freq_filt,LogReg,0.03,fscore,0.1833846655483901
freq_filt,LogReg,0.1,recall,0.38324682345766686
freq_filt,LogReg,0.1,precision,0.2512524541923275
freq_filt,LogReg,0.1,fscore,0.18216641117855492
freq_filt,LogReg,1.0,recall,0.41156739846498885
freq_filt,LogReg,1.0,precision,0.25443136162648816
freq_filt,LogReg,1.0,fscore,0.19002125179553556
freq_filt,LogReg,10.0,recall,0.3823080032417382
freq_filt,LogReg,10.0,precision,0.25115687720975494
freq_filt,LogReg,10.0,fscore,0.18123435890390183
freq_filt,LogReg,30.0,recall,0.4025930394906299
freq_filt,LogReg,30.0,precision,0.2521276147279895
freq_filt,LogReg,30.0,fscore,0.18574454769318804
freq_filt,LogReg,0.03,recall,0.3920684736949797
freq_filt,LogReg,0.03,precision,0.25121036526674856
freq_filt,LogReg,0.03,fscore,0.18638882858332656
freq_filt,LogReg,0.1,recall,0.4565186821210917
freq_filt,LogReg,0.1,precision,0.25228988432031646
freq_filt,LogReg,0.1,fscore,0.18807736352572493
freq_filt,LogReg,1.0,recall,0.34886549193778105
freq_filt,LogReg,1.0,precision,0.25070450220750823
freq_filt,LogReg,1.0,fscore,0.18520786797763386
freq_filt,LogReg,10.0,recall,0.38781790498657964
freq_filt,LogReg,10.0,precision,0.2511437298140372
freq_filt,LogReg,10.0,fscore,0.1843517328439116
freq_filt,LogReg,30.0,recall,0.33766900769912817
freq_filt,LogReg,30.0,precision,0.2511663649053538
freq_filt,LogReg,30.0,fscore,0.18400852891280955
freq_filt,LogReg,0.03,recall,0.2732207049978134
freq_filt,LogReg,0.03,precision,0.2520245319376752
freq_filt,LogReg,0.03,fscore,0.18324978893894245
freq_filt,LogReg,0.1,recall,0.39214545494665976
freq_filt,LogReg,0.1,precision,0.2529346478144258
freq_filt,LogReg,0.1,fscore,0.18795045551081863
freq_filt,LogReg,1.0,recall,0.3153763405269429
freq_filt,LogReg,1.0,precision,0.2520731435251142
freq_filt,LogReg,1.0,fscore,0.18378987927845455
freq_filt,LogReg,10.0,recall,0.3294858254195604
freq_filt,LogReg,10.0,precision,0.25320296447619706
freq_filt,LogReg,10.0,fscore,0.18887680200268306
freq_filt,LogReg,30.0,recall,0.33335785700243536
freq_filt,LogReg,30.0,precision,0.25147680062036193
freq_filt,LogReg,30.0,fscore,0.1842121892203992
freq_filt,LogReg,0.03,recall,0.26905529209746076
freq_filt,LogReg,0.03,precision,0.25157013706727294
freq_filt,LogReg,0.03,fscore,0.18448453105297655
freq_filt,LogReg,0.1,recall,0.23151492082214975
freq_filt,LogReg,0.1,precision,0.2504108190830067
freq_filt,LogReg,0.1,fscore,0.1809867624831137
freq_filt,LogReg,1.0,recall,0.2277842137781897
freq_filt,LogReg,1.0,precision,0.25042318452950096
freq_filt,LogReg,1.0,fscore,0.18316366757466013
freq_filt,LogReg,10.0,recall,0.28312255014062243
freq_filt,LogReg,10.0,precision,0.2516833394817721
freq_filt,LogReg,10.0,fscore,0.18039406041610578
freq_filt,LogReg,30.0,recall,0.26063173774017145
freq_filt,LogReg,30.0,precision,0.25187024827906107
freq_filt,LogReg,30.0,fscore,0.18472647614150148
freq_filt,LogReg,0.03,recall,0.32068065938312784
freq_filt,LogReg,0.03,precision,0.25397744103348274
freq_filt,LogReg,0.03,fscore,0.19113768413153473
freq_filt,LogReg,0.1,recall,0.32351381845210575
freq_filt,LogReg,0.1,precision,0.25054257494857696
freq_filt,LogReg,0.1,fscore,0.1831476153216981
freq_filt,LogReg,1.0,recall,0.34598027256367764
freq_filt,LogReg,1.0,precision,0.2509331106630149
freq_filt,LogReg,1.0,fscore,0.1869279424219576
freq_filt,LogReg,10.0,recall,0.35188192167350685
freq_filt,LogReg,10.0,precision,0.2511582797064549
freq_filt,LogReg,10.0,fscore,0.18520403389085804
freq_filt,LogReg,30.0,recall,0.36472065542365206
freq_filt,LogReg,30.0,precision,0.2512145159672402
freq_filt,LogReg,30.0,fscore,0.18577667485129523
freq_filt,LogReg,0.03,recall,0.4135240698195475
freq_filt,LogReg,0.03,precision,0.2536242291517562
freq_filt,LogReg,0.03,fscore,0.18731991640851153
freq_filt,LogReg,0.1,recall,0.2903863571162687
freq_filt,LogReg,0.1,precision,0.250716921041648
freq_filt,LogReg,0.1,fscore,0.17785398097184013
freq_filt,LogReg,1.0,recall,0.33394416249973324
freq_filt,LogReg,1.0,precision,0.2512034303460247
freq_filt,LogReg,1.0,fscore,0.18018829323853164
freq_filt,LogReg,10.0,recall,0.3332111408269377
freq_filt,LogReg,10.0,precision,0.25107163396705484
freq_filt,LogReg,10.0,fscore,0.17403650198877152
freq_filt,LogReg,30.0,recall,0.3290695913441591
freq_filt,LogReg,30.0,precision,0.25232428479133084
freq_filt,LogReg,30.0,fscore,0.18363071728330643
lowercase,LogReg,0.03,recall,0.3844686164066754
lowercase,LogReg,0.03,precision,0.2530821701203723
lowercase,LogReg,0.03,fscore,0.18735079921428954
lowercase,LogReg,0.1,recall,0.35694435771579036
lowercase,LogReg,0.1,precision,0.2591210558162422
lowercase,LogReg,0.1,fscore,0.20080996162735146
lowercase,LogReg,1.0,recall,0.4316458720055778
lowercase,LogReg,1.0,precision,0.25266429377219135
lowercase,LogReg,1.0,fscore,0.16233383776976212
lowercase,LogReg,10.0,recall,0.3266573733482122
lowercase,LogReg,10.0,precision,0.25127963238103135
lowercase,LogReg,10.0,fscore,0.15845932230705279
lowercase,LogReg,30.0,recall,0.350601070753211
lowercase,LogReg,30.0,precision,0.25014995788780625
lowercase,LogReg,30.0,fscore,0.18281053631638108
lowercase,LogReg,0.03,recall,0.2832704563070275
lowercase,LogReg,0.03,precision,0.25016221453950654
lowercase,LogReg,0.03,fscore,0.18686694992640474
lowercase,LogReg,0.1,recall,0.31024842742855707
lowercase,LogReg,0.1,precision,0.2507945304402006
lowercase,LogReg,0.1,fscore,0.18669084454061727
lowercase,LogReg,1.0,recall,0.3198576191284826
lowercase,LogReg,1.0,precision,0.2510172253997089
lowercase,LogReg,1.0,fscore,0.17855272949446716
lowercase,LogReg,10.0,recall,0.2622404298736312
lowercase,LogReg,10.0,precision,0.25154505527849585
lowercase,LogReg,10.0,fscore,0.1731653634072369
lowercase,LogReg,30.0,recall,0.27288298100784736
lowercase,LogReg,30.0,precision,0.25056032288950325
lowercase,LogReg,30.0,fscore,0.1632310488263651
lowercase,LogReg,0.03,recall,0.3778273042068813
lowercase,LogReg,0.03,precision,0.25078258063039055
lowercase,LogReg,0.03,fscore,0.1714109033630069
lowercase,LogReg,0.1,recall,0.3618653259489937
lowercase,LogReg,0.1,precision,0.2522317050011227
lowercase,LogReg,0.1,fscore,0.18123535777850033
lowercase,LogReg,1.0,recall,0.30908803547394126
lowercase,LogReg,1.0,precision,0.2509923744412919
lowercase,LogReg,1.0,fscore,0.18568749619701902
lowercase,LogReg,10.0,recall,0.2792988860596629
lowercase,LogReg,10.0,precision,0.2504812534968816
lowercase,LogReg,10.0,fscore,0.1727871934705714
lowercase,LogReg,30.0,recall,0.32468163533353817
lowercase,LogReg,30.0,precision,0.2515428922740937
lowercase,LogReg,30.0,fscore,0.17990759092692157
lowercase,LogReg,0.03,recall,0.3473873716740372
lowercase,LogReg,0.03,precision,0.2521595504489185
lowercase,LogReg,0.03,fscore,0.15526699646896233
lowercase,LogReg,0.1,recall,0.28694184869950445
lowercase,LogReg,0.1,precision,0.25109423856114804
lowercase,LogReg,0.1,fscore,0.14506783204111218
lowercase,LogReg,1.0,recall,0.40599559802788776
lowercase,LogReg,1.0,precision,0.25161185267547287
lowercase,LogReg,1.0,fscore,0.14260038983298284
lowercase,LogReg,10.0,recall,0.35568127653896814
lowercase,LogReg,10.0,precision,0.2506069503701784
lowercase,LogReg,10.0,fscore,0.12311973301939136
lowercase,LogReg,30.0,recall,0.2617742196817091
lowercase,LogReg,30.0,precision,0.258528367967579
lowercase,LogReg,30.0,fscore,0.10400338307933181
lowercase,LogReg,0.03,recall,0.28785740379184166
lowercase,LogReg,0.03,precision,0.2504335445953204
lowercase,LogReg,0.03,fscore,0.17829603651939938
lowercase,LogReg,0.1,recall,0.41550386939578154
lowercase,LogReg,0.1,precision,0.25240974654582093
lowercase,LogReg,0.1,fscore,0.18708866869204857
lowercase,LogReg,1.0,recall,0.37724634077457697
lowercase,LogReg,1.0,precision,0.2511056923062779
lowercase,LogReg,1.0,fscore,0.18034321251951452
lowercase,LogReg,10.0,recall,0.3366853895736335
lowercase,LogReg,10.0,precision,0.2519523126694399
lowercase,LogReg,10.0,fscore,0.1839355275311568
lowercase,LogReg,30.0,recall,0.3992636044688193
lowercase,LogReg,30.0,precision,0.25158930783918876
lowercase,LogReg,30.0,fscore,0.1815614528584248
lowercase,LogReg,0.03,recall,0.2989189928845101
lowercase,LogReg,0.03,precision,0.2507945247999712
lowercase,LogReg,0.03,fscore,0.14769407547266702
lowercase,LogReg,0.1,recall,0.2966480358721738
lowercase,LogReg,0.1,precision,0.2501322382544724
lowercase,LogReg,0.1,fscore,0.15624292728667338
lowercase,LogReg,1.0,recall,0.3466617195065471
lowercase,LogReg,1.0,precision,0.25054383796073876
lowercase,LogReg,1.0,fscore,0.17784817192258542
lowercase,LogReg,10.0,recall,0.39533006504989265
lowercase,LogReg,10.0,precision,0.25134477866887694
lowercase,LogReg,10.0,fscore,0.194171315258064
lowercase,LogReg,30.0,recall,0.274833822786409
lowercase,LogReg,30.0,precision,0.2509725982705125
lowercase,LogReg,30.0,fscore,0.17128995235836014
lowercase,LogReg,0.03,recall,0.3578538798366384
lowercase,LogReg,0.03,precision,0.25115647324308005
lowercase,LogReg,0.03,fscore,0.17795998043193964
lowercase,LogReg,0.1,recall,0.3809908003873521
lowercase,LogReg,0.1,precision,0.25302053409892816
lowercase,LogReg,0.1,fscore,0.18445042966326045
lowercase,LogReg,1.0,recall,0.287061597406425
lowercase,LogReg,1.0,precision,0.25216280365780663
lowercase,LogReg,1.0,fscore,0.18552930654073801
lowercase,LogReg,10.0,recall,0.36459464864637275
lowercase,LogReg,10.0,precision,0.26382855833557467
lowercase,LogReg,10.0,fscore,0.19942551890663915
lowercase,LogReg,30.0,recall,0.2969722327480948
lowercase,LogReg,30.0,precision,0.2529133854241345
lowercase,LogReg,30.0,fscore,0.1872590637275258
lowercase,LogReg,0.03,recall,0.2780203991410888
lowercase,LogReg,0.03,precision,0.25061632086222857
lowercase,LogReg,0.03,fscore,0.18012217857905607
lowercase,LogReg,0.1,recall,0.19863847837985765
lowercase,LogReg,0.1,precision,0.24997282239530483
lowercase,LogReg,0.1,fscore,0.17824855952435642
lowercase,LogReg,1.0,recall,0.2560307987032125
lowercase,LogReg,1.0,precision,0.24962689124554394
lowercase,LogReg,1.0,fscore,0.1832176276701779
lowercase,LogReg,10.0,recall,0.2740942486632142
lowercase,LogReg,10.0,precision,0.25045023229513447
lowercase,LogReg,10.0,fscore,0.18137953659407677
lowercase,LogReg,30.0,recall,0.22285324828428277
lowercase,LogReg,30.0,precision,0.2508875045971567
lowercase,LogReg,30.0,fscore,0.1803431993816798
lowercase,LogReg,0.03,recall,0.24543311911898957
lowercase,LogReg,0.03,precision,0.2497349817147416
lowercase,LogReg,0.03,fscore,0.1836469289782645
lowercase,LogReg,0.1,recall,0.338857057751612
lowercase,LogReg,0.1,precision,0.25090540419629054
lowercase,LogReg,0.1,fscore,0.17993265892630508
lowercase,LogReg,1.0,recall,0.27891837481040593
lowercase,LogReg,1.0,precision,0.25149121665126795
lowercase,LogReg,1.0,fscore,0.1728028747307964
lowercase,LogReg,10.0,recall,0.2748397435897436
lowercase,LogReg,10.0,precision,0.25004110542717223
lowercase,LogReg,10.0,fscore,0.18072191504857515
lowercase,LogReg,30.0,recall,0.3255374003507939
lowercase,LogReg,30.0,precision,0.2501827136203296
lowercase,LogReg,30.0,fscore,0.18768701069535546
lowercase,LogReg,0.03,recall,0.3077061229000884
lowercase,LogReg,0.03,precision,0.2502586453629997
lowercase,LogReg,0.03,fscore,0.17771567677835023
lowercase,LogReg,0.1,recall,0.3863493616700093
lowercase,LogReg,0.1,precision,0.25234186448501456
lowercase,LogReg,0.1,fscore,0.18022397909052018
lowercase,LogReg,1.0,recall,0.2738408928353209
lowercase,LogReg,1.0,precision,0.25042161078768244
lowercase,LogReg,1.0,fscore,0.1704471156291629
lowercase,LogReg,10.0,recall,0.32647773302998284
lowercase,LogReg,10.0,precision,0.2512130437973365
lowercase,LogReg,10.0,fscore,0.17976136251435645
lowercase,LogReg,30.0,recall,0.28738855732390217
lowercase,LogReg,30.0,precision,0.2501081061349198
lowercase,LogReg,30.0,fscore,0.17790204081964406
ngrams,LogReg,0.03,recall,0.38227280599216884
ngrams,LogReg,0.03,precision,0.2530219812359316
ngrams,LogReg,0.03,fscore,0.18837581680837642
ngrams,LogReg,0.1,recall,0.3604816888232796
ngrams,LogReg,0.1,precision,0.25199775255407625
ngrams,LogReg,0.1,fscore,0.18576200334727133
ngrams,LogReg,1.0,recall,0.3816097248752455
ngrams,LogReg,1.0,precision,0.25295270126547026
ngrams,LogReg,1.0,fscore,0.1877658851497663
ngrams,LogReg,10.0,recall,0.3587298324057985
ngrams,LogReg,10.0,precision,0.25352693058978104
ngrams,LogReg,10.0,fscore,0.18907912460679224
ngrams,LogReg,30.0,recall,0.37715144777202947
ngrams,LogReg,30.0,precision,0.25382991756251055
ngrams,LogReg,30.0,fscore,0.19045141061184498
ngrams,LogReg,0.03,recall,0.2437126249416734
ngrams,LogReg,0.03,precision,0.2495039234865826
ngrams,LogReg,0.03,fscore,0.18415585776723375
ngrams,LogReg,0.1,recall,0.28933117944280823
ngrams,LogReg,0.1,precision,0.25241732546672313
ngrams,LogReg,0.1,fscore,0.1906122733692535
ngrams,LogReg,1.0,recall,0.2895337875618681
ngrams,LogReg,1.0,precision,0.25131660678897605
ngrams,LogReg,1.0,fscore,0.189193021011391
ngrams,LogReg,10.0,recall,0.3041795243456192
ngrams,LogReg,10.0,precision,0.2526968508224437
ngrams,LogReg,10.0,fscore,0.1887942538313008
ngrams,LogReg,30.0,recall,0.3074221527344759
ngrams,LogReg,30.0,precision,0.2525215303955338
ngrams,LogReg,30.0,fscore,0.1862368508299067
ngrams,LogReg,0.03,recall,0.30285732105644936
ngrams,LogReg,0.03,precision,0.250874640160617
ngrams,LogReg,0.03,fscore,0.18102057928083387
ngrams,LogReg,0.1,recall,0.3191034448471649
ngrams,LogReg,0.1,precision,0.25086541750249336
ngrams,LogReg,0.1,fscore,0.18228274890637258
ngrams,LogReg,1.0,recall,0.35513814302246394
ngrams,LogReg,1.0,precision,0.2512686741720036
ngrams,LogReg,1.0,fscore,0.18268763323270204
ngrams,LogReg,10.0,recall,0.3279125459948882
ngrams,LogReg,10.0,precision,0.2507144507163738
ngrams,LogReg,10.0,fscore,0.18141415080062875
ngrams,LogReg,30.0,recall,0.32804147843429
ngrams,LogReg,30.0,precision,0.250721394900919
ngrams,LogReg,30.0,fscore,0.18152775174613753
ngrams,LogReg,0.03,recall,0.29244313457971016
ngrams,LogReg,0.03,precision,0.2520158181976577
ngrams,LogReg,0.03,fscore,0.18443576674441456
ngrams,LogReg,0.1,recall,0.37908633284695403
ngrams,LogReg,0.1,precision,0.25226614199555725
ngrams,LogReg,0.1,fscore,0.18422742902628403
ngrams,LogReg,1.0,recall,0.41599695923099367
ngrams,LogReg,1.0,precision,0.25337109242349554
ngrams,LogReg,1.0,fscore,0.18536983024536874
ngrams,LogReg,10.0,recall,0.4642660505912323
ngrams,LogReg,10.0,precision,0.2529248301154637
ngrams,LogReg,10.0,fscore,0.15990555971380163
ngrams,LogReg,30.0,recall,0.40154755053822183
ngrams,LogReg,30.0,precision,0.25125995289040925
ngrams,LogReg,30.0,fscore,0.18307449912169724
ngrams,LogReg,0.03,recall,0.3263327398847185
ngrams,LogReg,0.03,precision,0.25197647711122173
ngrams,LogReg,0.03,fscore,0.18605433326544216
ngrams,LogReg,0.1,recall,0.3500771610484469
ngrams,LogReg,0.1,precision,0.25152136095930083
ngrams,LogReg,0.1,fscore,0.1830056232896393
ngrams,LogReg,1.0,recall,0.3479028300146333
ngrams,LogReg,1.0,precision,0.2512444257209902
ngrams,LogReg,1.0,fscore,0.18564191031706545
ngrams,LogReg,10.0,recall,0.34165791767970727
ngrams,LogReg,10.0,precision,0.2506837475388991
ngrams,LogReg,10.0,fscore,0.18449922330127272
ngrams,LogReg,30.0,recall,0.36034135686941854
ngrams,LogReg,30.0,precision,0.2511360048582946
ngrams,LogReg,30.0,fscore,0.1829053364517309
ngrams,LogReg,0.03,recall,0.43396330680813433
ngrams,LogReg,0.03,precision,0.2508259833262237
ngrams,LogReg,0.03,fscore,0.18423218096553534
ngrams,LogReg,0.1,recall,0.4353079870321249
ngrams,LogReg,0.1,precision,0.2508369401559767
ngrams,LogReg,0.1,fscore,0.18532873628461596
ngrams,LogReg,1.0,recall,0.4027165961433202
ngrams,LogReg,1.0,precision,0.2513949289709797
ngrams,LogReg,1.0,fscore,0.18345867515257783
ngrams,LogReg,10.0,recall,0.4350501031535514
ngrams,LogReg,10.0,precision,0.25078948671960677
ngrams,LogReg,10.0,fscore,0.18502920999654507
ngrams,LogReg,30.0,recall,0.44039461496358046
ngrams,LogReg,30.0,precision,0.25133786388588764
ngrams,LogReg,30.0,fscore,0.18550092583576017
ngrams,LogReg,0.03,recall,0.3956643930781862
ngrams,LogReg,0.03,precision,0.2517928522749285
ngrams,LogReg,0.03,fscore,0.1840403916666333
ngrams,LogReg,0.1,recall,0.3394967580312408
ngrams,LogReg,0.1,precision,0.25209146547939293
ngrams,LogReg,0.1,fscore,0.18391785305378705
ngrams,LogReg,1.0,recall,0.3598843206601827
ngrams,LogReg,1.0,precision,0.25302572870621487
ngrams,LogReg,1.0,fscore,0.18863512986803815
ngrams,LogReg,10.0,recall,0.3986484779588228
ngrams,LogReg,10.0,precision,0.2525619012622412
ngrams,LogReg,10.0,fscore,0.18774660620800127
ngrams,LogReg,30.0,recall,0.4110505873436908
ngrams,LogReg,30.0,precision,0.2529554111655174
ngrams,LogReg,30.0,fscore,0.18898904853670645
ngrams,LogReg,0.03,recall,0.23864363605742914
ngrams,LogReg,0.03,precision,0.2502646602689177
ngrams,LogReg,0.03,fscore,0.18090516591033357
ngrams,LogReg,0.1,recall,0.21983653319860214
ngrams,LogReg,0.1,precision,0.25016746963197817
ngrams,LogReg,0.1,fscore,0.18235088358716897
ngrams,LogReg,1.0,recall,0.21696296998021136
ngrams,LogReg,1.0,precision,0.25007290729276566
ngrams,LogReg,1.0,fscore,0.1798011346880898
ngrams,LogReg,10.0,recall,0.23647320112837353
ngrams,LogReg,10.0,precision,0.25062618777852863
ngrams,LogReg,10.0,fscore,0.18420308375646485
ngrams,LogReg,30.0,recall,0.24312344743379227
ngrams,LogReg,30.0,precision,0.25132628242654237
ngrams,LogReg,30.0,fscore,0.18313091792267833
ngrams,LogReg,0.03,recall,0.2792656644238856
ngrams,LogReg,0.03,precision,0.2499318876168266
ngrams,LogReg,0.03,fscore,0.18352490260293172
ngrams,LogReg,0.1,recall,0.32616548687038593
ngrams,LogReg,0.1,precision,0.2506997099999084
ngrams,LogReg,0.1,fscore,0.18635965106044156
ngrams,LogReg,1.0,recall,0.3267365154586559
ngrams,LogReg,1.0,precision,0.2508612832640976
ngrams,LogReg,1.0,fscore,0.18706667668333463
ngrams,LogReg,10.0,recall,0.3269994536815395
ngrams,LogReg,10.0,precision,0.25088392117722164
ngrams,LogReg,10.0,fscore,0.18667954702179212
ngrams,LogReg,30.0,recall,0.29247390161235826
ngrams,LogReg,30.0,precision,0.25037883931064076
ngrams,LogReg,30.0,fscore,0.1851895914769639
ngrams,LogReg,0.03,recall,0.32097332743884466
ngrams,LogReg,0.03,precision,0.250383933181242
ngrams,LogReg,0.03,fscore,0.1758777881750156
ngrams,LogReg,0.1,recall,0.30905080312407895
ngrams,LogReg,0.1,precision,0.25027376667766926
ngrams,LogReg,0.1,fscore,0.17879959613769705
ngrams,LogReg,1.0,recall,0.3089587017388742
ngrams,LogReg,1.0,precision,0.25014924025625923
ngrams,LogReg,1.0,fscore,0.17847659411502087
ngrams,LogReg,10.0,recall,0.3081666298261126
ngrams,LogReg,10.0,precision,0.25015755923907934
ngrams,LogReg,10.0,fscore,0.17783860487969266
ngrams,LogReg,30.0,recall,0.30853503536693194
ngrams,LogReg,30.0,precision,0.2502083241951414
ngrams,LogReg,30.0,fscore,0.17824434873519984
stem,LogReg,0.03,recall,0.38895465291866504
stem,LogReg,0.03,precision,0.2603619396226482
stem,LogReg,0.03,fscore,0.20289206395147633
stem,LogReg,0.1,recall,0.3932716995841218
stem,LogReg,0.1,precision,0.2571935083172924
stem,LogReg,0.1,fscore,0.19969307405694647
stem,LogReg,1.0,recall,0.3705502959306466
stem,LogReg,1.0,precision,0.2531769575248567
stem,LogReg,1.0,fscore,0.18748883622896748
stem,LogReg,10.0,recall,0.3706099327993943
stem,LogReg,10.0,precision,0.2554960958407458
stem,LogReg,10.0,fscore,0.19299852606312057
stem,LogReg,30.0,recall,0.3527603053856922
stem,LogReg,30.0,precision,0.2541446972301741
stem,LogReg,30.0,fscore,0.19581429986472362
stem,LogReg,0.03,recall,0.3786772138194011
stem,LogReg,0.03,precision,0.2534297505926807
stem,LogReg,0.03,fscore,0.17549570423719174
stem,LogReg,0.1,recall,0.3004996899481815
stem,LogReg,0.1,precision,0.2503785869420513
stem,LogReg,0.1,fscore,0.21152388460182894
stem,LogReg,1.0,recall,0.3905338787579838
stem,LogReg,1.0,precision,0.2548287842015964
stem,LogReg,1.0,fscore,0.18880038578135264
stem,LogReg,10.0,recall,0.3471409999017658
stem,LogReg,10.0,precision,0.2515006655166918
stem,LogReg,10.0,fscore,0.20270052434010805
stem,LogReg,30.0,recall,0.3524676616926598
stem,LogReg,30.0,precision,0.2520037137780924
stem,LogReg,30.0,fscore,0.18913833340694777
stem,LogReg,0.03,recall,0.33978034839012644
stem,LogReg,0.03,precision,0.2561619972486558
stem,LogReg,0.03,fscore,0.19561836614617809
stem,LogReg,0.1,recall,0.33528548614567777
stem,LogReg,0.1,precision,0.2513245575511127
stem,LogReg,0.1,fscore,0.22555807688570734
stem,LogReg,1.0,recall,0.3536833010478119
stem,LogReg,1.0,precision,0.2518267802382758
stem,LogReg,1.0,fscore,0.2214279578916186
stem,LogReg,10.0,recall,0.38991037772862075
stem,LogReg,10.0,precision,0.2519100739298447
stem,LogReg,10.0,fscore,0.19137285331222234
stem,LogReg,30.0,recall,0.2829128409971015
stem,LogReg,30.0,precision,0.25106793912298075
stem,LogReg,30.0,fscore,0.20014362742919692
stem,LogReg,0.03,recall,0.3738758375367405
stem,LogReg,0.03,precision,0.25253494545690286
stem,LogReg,0.03,fscore,0.17726153559366564
stem,LogReg,0.1,recall,0.39242442926805304
stem,LogReg,0.1,precision,0.26309465114085645
stem,LogReg,0.1,fscore,0.19538822758425783
stem,LogReg,1.0,recall,0.3594763134187372
stem,LogReg,1.0,precision,0.2523576678024467
stem,LogReg,1.0,fscore,0.12737775551924044
stem,LogReg,10.0,recall,0.4000164029466678
stem,LogReg,10.0,precision,0.25977230688568637
stem,LogReg,10.0,fscore,0.20656084121984392
stem,LogReg,30.0,recall,0.2616934590821448
stem,LogReg,30.0,precision,0.25123153154082756
stem,LogReg,30.0,fscore,0.16073697348495006
stem,LogReg,0.03,recall,0.3775623076121353
stem,LogReg,0.03,precision,0.2556994213707253
stem,LogReg,0.03,fscore,0.2067287230426054
stem,LogReg,0.1,recall,0.41113667609775273
stem,LogReg,0.1,precision,0.25261914755443166
stem,LogReg,0.1,fscore,0.21731506236772885
stem,LogReg,1.0,recall,0.4179932219872188
stem,LogReg,1.0,precision,0.2531322137192259
stem,LogReg,1.0,fscore,0.18558270819781922
stem,LogReg,10.0,recall,0.38826291390906986
stem,LogReg,10.0,precision,0.2533482848773284
stem,LogReg,10.0,fscore,0.19076178577742897
stem,LogReg,30.0,recall,0.43304391295128597
stem,LogReg,30.0,precision,0.2525452795935193
stem,LogReg,30.0,fscore,0.1743279833985914
stem,LogReg,0.03,recall,0.2544366552987243
stem,LogReg,0.03,precision,0.25056421345991753
stem,LogReg,0.03,fscore,0.2092976159301074
stem,LogReg,0.1,recall,0.2335191149846322
stem,LogReg,0.1,precision,0.2502428516489994
stem,LogReg,0.1,fscore,0.17935600621134107
stem,LogReg,1.0,recall,0.31314734116458254
stem,LogReg,1.0,precision,0.2514476844900184
stem,LogReg,1.0,fscore,0.19973110324352986
stem,LogReg,10.0,recall,0.23607953349332658
stem,LogReg,10.0,precision,0.2502732744412256
stem,LogReg,10.0,fscore,0.18150767777377325
stem,LogReg,30.0,recall,0.3236442676097848
stem,LogReg,30.0,precision,0.25098453220884814
stem,LogReg,30.0,fscore,0.19587023492957495
stem,LogReg,0.03,recall,0.35103048292703465
stem,LogReg,0.03,precision,0.2545481944975222
stem,LogReg,0.03,fscore,0.19091501458309912
stem,LogReg,0.1,recall,0.39041566670877015
stem,LogReg,0.1,precision,0.2550217999967578
stem,LogReg,0.1,fscore,0.1869869518586008
stem,LogReg,1.0,recall,0.38440013052082017
stem,LogReg,1.0,precision,0.2528008179456955
stem,LogReg,1.0,fscore,0.18030760678410038
stem,LogReg,10.0,recall,0.3940297250642078
stem,LogReg,10.0,precision,0.2564965171774735
stem,LogReg,10.0,fscore,0.23466685539690021
stem,LogReg,30.0,recall,0.38390225674708434
stem,LogReg,30.0,precision,0.25462690140800875
stem,LogReg,30.0,fscore,0.19124117792622622
stem,LogReg,0.03,recall,0.318705001894657
stem,LogReg,0.03,precision,0.2521091940926177
stem,LogReg,0.03,fscore,0.21405427381067293
stem,LogReg,0.1,recall,0.3756957601785188
stem,LogReg,0.1,precision,0.252186715947756
stem,LogReg,0.1,fscore,0.20101129921983957
stem,LogReg,1.0,recall,0.247966927708307
stem,LogReg,1.0,precision,0.25113414383731975
stem,LogReg,1.0,fscore,0.18507653926699777
stem,LogReg,10.0,recall,0.3326654667171908
stem,LogReg,10.0,precision,0.2530596111534619
stem,LogReg,10.0,fscore,0.22117217660226912
stem,LogReg,30.0,recall,0.3601390467769778
stem,LogReg,30.0,precision,0.2530016262656557
stem,LogReg,30.0,fscore,0.20187601273173086
stem,LogReg,0.03,recall,0.27749686855290306
stem,LogReg,0.03,precision,0.25003615303280263
stem,LogReg,0.03,fscore,0.21647919089083467
stem,LogReg,0.1,recall,0.2856298701415396
stem,LogReg,0.1,precision,0.25146150424315444
stem,LogReg,0.1,fscore,0.18255485945720884
stem,LogReg,1.0,recall,0.31052903035661655
stem,LogReg,1.0,precision,0.25028352623573635
stem,LogReg,1.0,fscore,0.18445581973059583
stem,LogReg,10.0,recall,0.3451165823826673
stem,LogReg,10.0,precision,0.2545154052700859
stem,LogReg,10.0,fscore,0.18611111322549348
stem,LogReg,30.0,recall,0.3309863204732843
stem,LogReg,30.0,precision,0.25184021780567845
stem,LogReg,30.0,fscore,0.20271162300213164
stem,LogReg,0.03,recall,0.2211782193252967
stem,LogReg,0.03,precision,0.2501853850653288
stem,LogReg,0.03,fscore,0.1676558475961019
stem,LogReg,0.1,recall,0.3508678646136594
stem,LogReg,0.1,precision,0.2522942577226036
stem,LogReg,0.1,fscore,0.17856970587580234
stem,LogReg,1.0,recall,0.2705362502066665
stem,LogReg,1.0,precision,0.2508306687230062
stem,LogReg,1.0,fscore,0.17407685350805197
stem,LogReg,10.0,recall,0.34221190686707925
stem,LogReg,10.0,precision,0.25111042831436864
stem,LogReg,10.0,fscore,0.17735595072744195
stem,LogReg,30.0,recall,0.43553902672647415
stem,LogReg,30.0,precision,0.2556612577872093
stem,LogReg,30.0,fscore,0.18996927707070188
tf_ponderisanje,LogReg,0.03,recall,0.3698188177269675
tf_ponderisanje,LogReg,0.03,precision,0.2512670901834948
tf_ponderisanje,LogReg,0.03,fscore,0.17991429986636157
tf_ponderisanje,LogReg,0.1,recall,0.3527603053856922
tf_ponderisanje,LogReg,0.1,precision,0.2503224373040228
tf_ponderisanje,LogReg,0.1,fscore,0.18927026116633994
tf_ponderisanje,LogReg,1.0,recall,0.3593106928868228
tf_ponderisanje,LogReg,1.0,precision,0.2521777669664344
tf_ponderisanje,LogReg,1.0,fscore,0.1687360425925969
tf_ponderisanje,LogReg,10.0,recall,0.2918778478195892
tf_ponderisanje,LogReg,10.0,precision,0.25035495829492654
tf_ponderisanje,LogReg,10.0,fscore,0.18121347802970744
tf_ponderisanje,LogReg,30.0,recall,0.2820507456967114
tf_ponderisanje,LogReg,30.0,precision,0.25240636853949194
tf_ponderisanje,LogReg,30.0,fscore,0.18260064427280007
tf_ponderisanje,LogReg,0.03,recall,0.3222671751187047
tf_ponderisanje,LogReg,0.03,precision,0.25243645356417954
tf_ponderisanje,LogReg,0.03,fscore,0.173668103654262
tf_ponderisanje,LogReg,0.1,recall,0.2626454870052274
tf_ponderisanje,LogReg,0.1,precision,0.2500444678361595
tf_ponderisanje,LogReg,0.1,fscore,0.17441462161026347
tf_ponderisanje,LogReg,1.0,recall,0.2883292763041644
tf_ponderisanje,LogReg,1.0,precision,0.25213738705498007
tf_ponderisanje,LogReg,1.0,fscore,0.18335288777566144
tf_ponderisanje,LogReg,10.0,recall,0.2550845484579321
tf_ponderisanje,LogReg,10.0,precision,0.2507129547836238
tf_ponderisanje,LogReg,10.0,fscore,0.16117634872090383
tf_ponderisanje,LogReg,30.0,recall,0.2269978482059373
tf_ponderisanje,LogReg,30.0,precision,0.24996666456199831
tf_ponderisanje,LogReg,30.0,fscore,0.18179605281627337
tf_ponderisanje,LogReg,0.03,recall,0.30242476657388323
tf_ponderisanje,LogReg,0.03,precision,0.25120977989311155
tf_ponderisanje,LogReg,0.03,fscore,0.18190941750455905
tf_ponderisanje,LogReg,0.1,recall,0.3259703794567047
tf_ponderisanje,LogReg,0.1,precision,0.2515987714649613
tf_ponderisanje,LogReg,0.1,fscore,0.17990688084639944
tf_ponderisanje,LogReg,1.0,recall,0.335162056920153
tf_ponderisanje,LogReg,1.0,precision,0.2511123150208497
tf_ponderisanje,LogReg,1.0,fscore,0.17422237721930262
tf_ponderisanje,LogReg,10.0,recall,0.36529726302337434
tf_ponderisanje,LogReg,10.0,precision,0.2519909887235283
tf_ponderisanje,LogReg,10.0,fscore,0.17765624030467944
tf_ponderisanje,LogReg,30.0,recall,0.3174659579425677
tf_ponderisanje,LogReg,30.0,precision,0.25068542732622956
tf_ponderisanje,LogReg,30.0,fscore,0.17060795680188817
tf_ponderisanje,LogReg,0.03,recall,0.4288648771562865
tf_ponderisanje,LogReg,0.03,precision,0.2535485933265651
tf_ponderisanje,LogReg,0.03,fscore,0.16945915726133842
tf_ponderisanje,LogReg,0.1,recall,0.31474883032371176
tf_ponderisanje,LogReg,0.1,precision,0.2515218645157565
tf_ponderisanje,LogReg,0.1,fscore,0.14094790499268756
tf_ponderisanje,LogReg,1.0,recall,0.293139749736295
tf_ponderisanje,LogReg,1.0,precision,0.251799177739185
tf_ponderisanje,LogReg,1.0,fscore,0.07443821598978914
tf_ponderisanje,LogReg,10.0,recall,0.2998364122879054
tf_ponderisanje,LogReg,10.0,precision,0.2515407646619289
tf_ponderisanje,LogReg,10.0,fscore,0.15765131003210633
tf_ponderisanje,LogReg,30.0,recall,0.3996349403766085
tf_ponderisanje,LogReg,30.0,precision,0.2517224841050854
tf_ponderisanje,LogReg,30.0,fscore,0.17428498101944764
tf_ponderisanje,LogReg,0.03,recall,0.4017501586572817
tf_ponderisanje,LogReg,0.03,precision,0.2519792653324252
tf_ponderisanje,LogReg,0.03,fscore,0.18433069623922946
tf_ponderisanje,LogReg,0.1,recall,0.35455295858767916
tf_ponderisanje,LogReg,0.1,precision,0.25188500789469576
tf_ponderisanje,LogReg,0.1,fscore,0.18724212376516772
tf_ponderisanje,LogReg,1.0,recall,0.33256129232533027
tf_ponderisanje,LogReg,1.0,precision,0.252290295412023
tf_ponderisanje,LogReg,1.0,fscore,0.18429289600988946
tf_ponderisanje,LogReg,10.0,recall,0.42906901082613197
tf_ponderisanje,LogReg,10.0,precision,0.25333030959034325
tf_ponderisanje,LogReg,10.0,fscore,0.18918568625771073
tf_ponderisanje,LogReg,30.0,recall,0.40918412083949546
tf_ponderisanje,LogReg,30.0,precision,0.25223574087588796
tf_ponderisanje,LogReg,30.0,fscore,0.18444626182931464
tf_ponderisanje,LogReg,0.03,recall,0.3456492621363311
tf_ponderisanje,LogReg,0.03,precision,0.2509336048841894
tf_ponderisanje,LogReg,0.03,fscore,0.18070222564594354
tf_ponderisanje,LogReg,0.1,recall,0.44319712854195614
tf_ponderisanje,LogReg,0.1,precision,0.2513831892606129
tf_ponderisanje,LogReg,0.1,fscore,0.18310283856850246
tf_ponderisanje,LogReg,1.0,recall,0.42707478106185004
tf_ponderisanje,LogReg,1.0,precision,0.25127648474317776
tf_ponderisanje,LogReg,1.0,fscore,0.18247784143487347
tf_ponderisanje,LogReg,10.0,recall,0.4045428350385247
tf_ponderisanje,LogReg,10.0,precision,0.2512985725025029
tf_ponderisanje,LogReg,10.0,fscore,0.17991554060736606
tf_ponderisanje,LogReg,30.0,recall,0.445266120373879
tf_ponderisanje,LogReg,30.0,precision,0.251931951722736
tf_ponderisanje,LogReg,30.0,fscore,0.17888931839398547
tf_ponderisanje,LogReg,0.03,recall,0.4106363942570839
tf_ponderisanje,LogReg,0.03,precision,0.2527358050981119
tf_ponderisanje,LogReg,0.03,fscore,0.18453823273988015
tf_ponderisanje,LogReg,0.1,recall,0.3036856342890825
tf_ponderisanje,LogReg,0.1,precision,0.25213800056841196
tf_ponderisanje,LogReg,0.1,fscore,0.18554498878721903
tf_ponderisanje,LogReg,1.0,recall,0.4189313081554461
tf_ponderisanje,LogReg,1.0,precision,0.2526720167296382
tf_ponderisanje,LogReg,1.0,fscore,0.17287400984452486
tf_ponderisanje,LogReg,10.0,recall,0.3864910951117848
tf_ponderisanje,LogReg,10.0,precision,0.2529572259773233
tf_ponderisanje,LogReg,10.0,fscore,0.17858637230991703
tf_ponderisanje,LogReg,30.0,recall,0.3928666161424782
tf_ponderisanje,LogReg,30.0,precision,0.25152341972870806
tf_ponderisanje,LogReg,30.0,fscore,0.18416977050323327
tf_ponderisanje,LogReg,0.03,recall,0.24267241379310345
tf_ponderisanje,LogReg,0.03,precision,0.2506656493173091
tf_ponderisanje,LogReg,0.03,fscore,0.1776326611512375
tf_ponderisanje,LogReg,0.1,recall,0.2530967117174014
tf_ponderisanje,LogReg,0.1,precision,0.2506436371597214
tf_ponderisanje,LogReg,0.1,fscore,0.17524356459554338
tf_ponderisanje,LogReg,1.0,recall,0.26876868342385585
tf_ponderisanje,LogReg,1.0,precision,0.25117529418305556
tf_ponderisanje,LogReg,1.0,fscore,0.17545943965085908
tf_ponderisanje,LogReg,10.0,recall,0.3066644562334217
tf_ponderisanje,LogReg,10.0,precision,0.2517306792017202
tf_ponderisanje,LogReg,10.0,fscore,0.18091513242109616
tf_ponderisanje,LogReg,30.0,recall,0.2630457664940424
tf_ponderisanje,LogReg,30.0,precision,0.25069860551889445
tf_ponderisanje,LogReg,30.0,fscore,0.18662264769668738
tf_ponderisanje,LogReg,0.03,recall,0.3484424532574238
tf_ponderisanje,LogReg,0.03,precision,0.25291116802604313
tf_ponderisanje,LogReg,0.03,fscore,0.1880760565526798
tf_ponderisanje,LogReg,0.1,recall,0.3153085306549352
tf_ponderisanje,LogReg,0.1,precision,0.25226147793871906
tf_ponderisanje,LogReg,0.1,fscore,0.18602470687627515
tf_ponderisanje,LogReg,1.0,recall,0.2337551127500665
tf_ponderisanje,LogReg,1.0,precision,0.2497441506719924
tf_ponderisanje,LogReg,1.0,fscore,0.1687927153362884
tf_ponderisanje,LogReg,10.0,recall,0.28388084237274736
tf_ponderisanje,LogReg,10.0,precision,0.2501795292880815
tf_ponderisanje,LogReg,10.0,fscore,0.18614214307026497
tf_ponderisanje,LogReg,30.0,recall,0.23101419799012315
tf_ponderisanje,LogReg,30.0,precision,0.24988529196859655
tf_ponderisanje,LogReg,30.0,fscore,0.1815012001744455
tf_ponderisanje,LogReg,0.03,recall,0.3034924845269673
tf_ponderisanje,LogReg,0.03,precision,0.2501459585205881
tf_ponderisanje,LogReg,0.03,fscore,0.17825736972022035
tf_ponderisanje,LogReg,0.1,recall,0.24299108458591218
tf_ponderisanje,LogReg,0.1,precision,0.24987332709124407
tf_ponderisanje,LogReg,0.1,fscore,0.17054909499588988
tf_ponderisanje,LogReg,1.0,recall,0.3435537791220087
tf_ponderisanje,LogReg,1.0,precision,0.2510624406640951
tf_ponderisanje,LogReg,1.0,fscore,0.188912183967634
tf_ponderisanje,LogReg,10.0,recall,0.3430835004636518
tf_ponderisanje,LogReg,10.0,precision,0.2548225442436366
tf_ponderisanje,LogReg,10.0,fscore,0.18864627173730952
tf_ponderisanje,LogReg,30.0,recall,0.28997200117889776
tf_ponderisanje,LogReg,30.0,precision,0.25008272497192524
tf_ponderisanje,LogReg,30.0,fscore,0.16644091839966343
no_preprocessing,MNB,0.0,recall,0.2498894864805128
no_preprocessing,MNB,0.0,precision,0.24875320865419875
no_preprocessing,MNB,0.0,fscore,0.2493200529256101
no_preprocessing,MNB,0.0,recall,0.24725558093273411
no_preprocessing,MNB,0.0,precision,0.24872155932705847
no_preprocessing,MNB,0.0,fscore,0.24798640360600016
no_preprocessing,MNB,0.0,recall,0.2477528917704266
no_preprocessing,MNB,0.0,precision,0.2487241124260355
no_preprocessing,MNB,0.0,fscore,0.24823755213523788
no_preprocessing,MNB,0.0,recall,0.28860912596085364
no_preprocessing,MNB,0.0,precision,0.25173497100740533
no_preprocessing,MNB,0.0,fscore,0.2533591754889592
no_preprocessing,MNB,0.0,recall,0.2708333333333333
no_preprocessing,MNB,0.0,precision,0.29051163586584533
no_preprocessing,MNB,0.0,fscore,0.2771989251922362
no_preprocessing,MNB,0.0,recall,0.2482316534040672
no_preprocessing,MNB,0.0,precision,0.24870810571386387
no_preprocessing,MNB,0.0,fscore,0.2484696511542149
no_preprocessing,MNB,0.0,recall,0.31043692897141173
no_preprocessing,MNB,0.0,precision,0.2555736748283332
no_preprocessing,MNB,0.0,fscore,0.2605712660315266
no_preprocessing,MNB,0.0,recall,0.28940097259062775
no_preprocessing,MNB,0.0,precision,0.2527607280260432
no_preprocessing,MNB,0.0,fscore,0.25554572606826736
no_preprocessing,MNB,0.0,recall,0.28619584438549955
no_preprocessing,MNB,0.0,precision,0.25043545195626227
no_preprocessing,MNB,0.0,fscore,0.24984345771530345
no_preprocessing,MNB,0.0,recall,0.23436118479221926
no_preprocessing,MNB,0.0,precision,0.2488655034817307
no_preprocessing,MNB,0.0,fscore,0.24139566652753003
freq_filt,MNB,0.0,recall,0.24996088249100298
freq_filt,MNB,0.0,precision,0.24871555347968238
freq_filt,MNB,0.0,fscore,0.2493366630248166
freq_filt,MNB,0.0,recall,0.2466750117352527
freq_filt,MNB,0.0,precision,0.24869853289162328
freq_filt,MNB,0.0,fscore,0.24768263943440688
freq_filt,MNB,0.0,recall,0.24839618213112188
freq_filt,MNB,0.0,precision,0.24870750430831898
freq_filt,MNB,0.0,fscore,0.2485517457335212
freq_filt,MNB,0.0,recall,0.2884981484379075
freq_filt,MNB,0.0,precision,0.2517898434931969
freq_filt,MNB,0.0,fscore,0.25341879436754955
freq_filt,MNB,0.0,recall,0.2708333333333333
freq_filt,MNB,0.0,precision,0.2904986243056637
freq_filt,MNB,0.0,fscore,0.27719238907968224
freq_filt,MNB,0.0,recall,0.2491198560475669
freq_filt,MNB,0.0,precision,0.2487112395532297
freq_filt,MNB,0.0,fscore,0.24891538010553058
freq_filt,MNB,0.0,recall,0.3107397120951338
freq_filt,MNB,0.0,precision,0.25669893977474856
freq_filt,MNB,0.0,fscore,0.2625403285576513
freq_filt,MNB,0.0,recall,0.31052456579565013
freq_filt,MNB,0.0,precision,0.25597566275532374
freq_filt,MNB,0.0,fscore,0.2613248290451656
freq_filt,MNB,0.0,recall,0.2658420524784659
freq_filt,MNB,0.0,precision,0.24942549748763262
freq_filt,MNB,0.0,fscore,0.24725496232524408
freq_filt,MNB,0.0,recall,0.23619043893279087
freq_filt,MNB,0.0,precision,0.24882542037586547
freq_filt,MNB,0.0,fscore,0.24234335487496492
lowercase,MNB,0.0,recall,0.2498894864805128
lowercase,MNB,0.0,precision,0.24875320865419875
lowercase,MNB,0.0,fscore,0.2493200529256101
lowercase,MNB,0.0,recall,0.24701613497384514
lowercase,MNB,0.0,precision,0.24872032640949554
lowercase,MNB,0.0,fscore,0.24786530144531102
lowercase,MNB,0.0,recall,0.24813968908863185
lowercase,MNB,0.0,precision,0.2487260911306403
lowercase,MNB,0.0,fscore,0.24843254407317253
lowercase,MNB,0.0,recall,0.28860912596085364
lowercase,MNB,0.0,precision,0.25173497100740533
lowercase,MNB,0.0,fscore,0.2533591754889592
lowercase,MNB,0.0,recall,0.2708333333333333
lowercase,MNB,0.0,precision,0.29051163586584533
lowercase,MNB,0.0,fscore,0.2771989251922362
lowercase,MNB,0.0,recall,0.24825007368110816
lowercase,MNB,0.0,precision,0.2487082010777294
lowercase,MNB,0.0,fscore,0.24847892621409345
lowercase,MNB,0.0,recall,0.31056587091069854
lowercase,MNB,0.0,precision,0.2556357119342117
lowercase,MNB,0.0,fscore,0.26073621394522295
lowercase,MNB,0.0,recall,0.28969569702328324
lowercase,MNB,0.0,precision,0.2533034697668844
lowercase,MNB,0.0,fscore,0.2565434825258148
lowercase,MNB,0.0,recall,0.28614058355437666
lowercase,MNB,0.0,precision,0.2504130979899609
lowercase,MNB,0.0,fscore,0.2497743802091628
lowercase,MNB,0.0,recall,0.23436118479221926
lowercase,MNB,0.0,precision,0.2488655034817307
lowercase,MNB,0.0,fscore,0.24139566652753003
ngrams,MNB,0.0,recall,0.24963162160170926
ngrams,MNB,0.0,precision,0.24875192717127964
ngrams,MNB,0.0,fscore,0.24919099801426786
ngrams,MNB,0.0,recall,0.24708981065350327
ngrams,MNB,0.0,precision,0.24872070602195195
ngrams,MNB,0.0,fscore,0.24790257604316812
ngrams,MNB,0.0,recall,0.24817652692846093
ngrams,MNB,0.0,precision,0.24872627925865762
ngrams,MNB,0.0,fscore,0.24845109898215076
ngrams,MNB,0.0,recall,0.2883880989218792
ngrams,MNB,0.0,precision,0.25153997191515765
ngrams,MNB,0.0,fscore,0.2529073858182496
ngrams,MNB,0.0,recall,0.2707780765735897
ngrams,MNB,0.0,precision,0.2766224928074851
ngrams,MNB,0.0,fscore,0.2732030399456703
ngrams,MNB,0.0,recall,0.24813955201886237
ngrams,MNB,0.0,precision,0.24870762868325824
ngrams,MNB,0.0,fscore,0.24842326559215136
ngrams,MNB,0.0,recall,0.31038166814028884
ngrams,MNB,0.0,precision,0.2560097931575893
ngrams,MNB,0.0,fscore,0.26127015015412497
ngrams,MNB,0.0,recall,0.2890509873268494
ngrams,MNB,0.0,precision,0.2526652334778099
ngrams,MNB,0.0,fscore,0.2552126048247072
ngrams,MNB,0.0,recall,0.30701075744179196
ngrams,MNB,0.0,precision,0.25127346210086626
ngrams,MNB,0.0,fscore,0.25142010529798675
ngrams,MNB,0.0,recall,0.23426908340701444
ngrams,MNB,0.0,precision,0.24886505948653725
ngrams,MNB,0.0,fscore,0.24134659177167145
stem,MNB,0.0,recall,0.2703728603354699
stem,MNB,0.0,precision,0.25775313798749006
stem,MNB,0.0,fscore,0.2616815339341549
stem,MNB,0.0,recall,0.24718190525307596
stem,MNB,0.0,precision,0.2487580633202343
stem,MNB,0.0,fscore,0.24796747967479676
stem,MNB,0.0,recall,0.2698018738181193
stem,MNB,0.0,precision,0.2634728140372757
stem,MNB,0.0,fscore,0.2661090745638706
stem,MNB,0.0,recall,0.3160373311074892
stem,MNB,0.0,precision,0.261774505426544
stem,MNB,0.0,fscore,0.26792472114577603
stem,MNB,0.0,recall,0.2828995228451511
stem,MNB,0.0,precision,0.4738261188554659
stem,MNB,0.0,fscore,0.30680091458674064
stem,MNB,0.0,recall,0.24891320365458297
stem,MNB,0.0,precision,0.24872993668090118
stem,MNB,0.0,fscore,0.24882153642188995
stem,MNB,0.0,recall,0.31119216033009134
stem,MNB,0.0,precision,0.29046881910659
stem,MNB,0.0,fscore,0.29874714422580884
stem,MNB,0.0,recall,0.2686413203654583
stem,MNB,0.0,precision,0.25780011205310893
stem,MNB,0.0,fscore,0.2608386251199882
stem,MNB,0.0,recall,0.2709258839935879
stem,MNB,0.0,precision,0.2549052053007302
stem,MNB,0.0,fscore,0.25625399791483644
stem,MNB,0.0,recall,0.24069776009431182
stem,MNB,0.0,precision,0.24881940741869144
stem,MNB,0.0,fscore,0.2446912100670387
tf_ponderisanje,MNB,0.0,recall,0.2498894864805128
tf_ponderisanje,MNB,0.0,precision,0.24875320865419875
tf_ponderisanje,MNB,0.0,fscore,0.2493200529256101
tf_ponderisanje,MNB,0.0,recall,0.24725558093273411
tf_ponderisanje,MNB,0.0,precision,0.24872155932705847
tf_ponderisanje,MNB,0.0,fscore,0.24798640360600016
tf_ponderisanje,MNB,0.0,recall,0.2477528917704266
tf_ponderisanje,MNB,0.0,precision,0.2487241124260355
tf_ponderisanje,MNB,0.0,fscore,0.24823755213523788
tf_ponderisanje,MNB,0.0,recall,0.28860912596085364
tf_ponderisanje,MNB,0.0,precision,0.25173497100740533
tf_ponderisanje,MNB,0.0,fscore,0.2533591754889592
tf_ponderisanje,MNB,0.0,recall,0.2708333333333333
tf_ponderisanje,MNB,0.0,precision,0.29051163586584533
tf_ponderisanje,MNB,0.0,fscore,0.2771989251922362
tf_ponderisanje,MNB,0.0,recall,0.2482316534040672
tf_ponderisanje,MNB,0.0,precision,0.24870810571386387
tf_ponderisanje,MNB,0.0,fscore,0.2484696511542149
tf_ponderisanje,MNB,0.0,recall,0.31043692897141173
tf_ponderisanje,MNB,0.0,precision,0.2555736748283332
tf_ponderisanje,MNB,0.0,fscore,0.2605712660315266
tf_ponderisanje,MNB,0.0,recall,0.28940097259062775
tf_ponderisanje,MNB,0.0,precision,0.2527607280260432
tf_ponderisanje,MNB,0.0,fscore,0.25554572606826736
tf_ponderisanje,MNB,0.0,recall,0.28619584438549955
tf_ponderisanje,MNB,0.0,precision,0.25043545195626227
tf_ponderisanje,MNB,0.0,fscore,0.24984345771530345
tf_ponderisanje,MNB,0.0,recall,0.23436118479221926
tf_ponderisanje,MNB,0.0,precision,0.2488655034817307
tf_ponderisanje,MNB,0.0,fscore,0.24139566652753003
lowercase,SVM,0.25,recall,0.25
lowercase,SVM,0.25,precision,0.2487355226506377
lowercase,SVM,0.25,fscore,0.24936615836854675
lowercase,SVM,1.0,recall,0.25
lowercase,SVM,1.0,precision,0.2487355226506377
lowercase,SVM,1.0,fscore,0.24936615836854675
lowercase,SVM,4.0,recall,0.25
lowercase,SVM,4.0,precision,0.2487355226506377
lowercase,SVM,4.0,fscore,0.24936615836854675
lowercase,SVM,0.25,recall,0.25
lowercase,SVM,0.25,precision,0.2487355226506377
lowercase,SVM,0.25,fscore,0.24936615836854675
lowercase,SVM,1.0,recall,0.25
lowercase,SVM,1.0,precision,0.2487355226506377
lowercase,SVM,1.0,fscore,0.24936615836854675
lowercase,SVM,4.0,recall,0.25
lowercase,SVM,4.0,precision,0.2487355226506377
lowercase,SVM,4.0,fscore,0.24936615836854675
lowercase,SVM,0.25,recall,0.25
lowercase,SVM,0.25,precision,0.2487355226506377
lowercase,SVM,0.25,fscore,0.24936615836854675
lowercase,SVM,1.0,recall,0.25
lowercase,SVM,1.0,precision,0.2487355226506377
lowercase,SVM,1.0,fscore,0.24936615836854675
lowercase,SVM,4.0,recall,0.25
lowercase,SVM,4.0,precision,0.2487355226506377
lowercase,SVM,4.0,fscore,0.24936615836854675
lowercase,SVM,0.25,recall,0.25
lowercase,SVM,0.25,precision,0.2487355226506377
lowercase,SVM,0.25,fscore,0.24936615836854675
lowercase,SVM,1.0,recall,0.25
lowercase,SVM,1.0,precision,0.2487355226506377
lowercase,SVM,1.0,fscore,0.24936615836854675
lowercase,SVM,4.0,recall,0.25
lowercase,SVM,4.0,precision,0.2487355226506377
lowercase,SVM,4.0,fscore,0.24936615836854675
lowercase,SVM,0.25,recall,0.25
lowercase,SVM,0.25,precision,0.2487355226506377
lowercase,SVM,0.25,fscore,0.24936615836854675
lowercase,SVM,1.0,recall,0.25
lowercase,SVM,1.0,precision,0.2487355226506377
lowercase,SVM,1.0,fscore,0.24936615836854675
lowercase,SVM,4.0,recall,0.25
lowercase,SVM,4.0,precision,0.2487355226506377
lowercase,SVM,4.0,fscore,0.24936615836854675
lowercase,SVM,0.25,recall,0.25
lowercase,SVM,0.25,precision,0.2487171968919513
lowercase,SVM,0.25,fscore,0.24935694862938196
lowercase,SVM,1.0,recall,0.25
lowercase,SVM,1.0,precision,0.2487171968919513
lowercase,SVM,1.0,fscore,0.24935694862938196
lowercase,SVM,4.0,recall,0.24998157972295906
lowercase,SVM,4.0,precision,0.24873533724340174
lowercase,SVM,4.0,fscore,0.249356901367044
lowercase,SVM,0.25,recall,0.25
lowercase,SVM,0.25,precision,0.2487354299538157
lowercase,SVM,0.25,fscore,0.2493661117848087
lowercase,SVM,1.0,recall,0.25
lowercase,SVM,1.0,precision,0.2487354299538157
lowercase,SVM,1.0,fscore,0.2493661117848087
lowercase,SVM,4.0,recall,0.25
lowercase,SVM,4.0,precision,0.2487354299538157
lowercase,SVM,4.0,fscore,0.2493661117848087
lowercase,SVM,0.25,recall,0.25
lowercase,SVM,0.25,precision,0.2487354299538157
lowercase,SVM,0.25,fscore,0.2493661117848087
lowercase,SVM,1.0,recall,0.25
lowercase,SVM,1.0,precision,0.2487354299538157
lowercase,SVM,1.0,fscore,0.2493661117848087
lowercase,SVM,4.0,recall,0.25
lowercase,SVM,4.0,precision,0.2487354299538157
lowercase,SVM,4.0,fscore,0.2493661117848087
lowercase,SVM,0.25,recall,0.25
lowercase,SVM,0.25,precision,0.2487354299538157
lowercase,SVM,0.25,fscore,0.2493661117848087
lowercase,SVM,1.0,recall,0.25
lowercase,SVM,1.0,precision,0.2487354299538157
lowercase,SVM,1.0,fscore,0.2493661117848087
lowercase,SVM,4.0,recall,0.25
lowercase,SVM,4.0,precision,0.2487354299538157
lowercase,SVM,4.0,fscore,0.2493661117848087
lowercase,SVM,0.25,recall,0.25
lowercase,SVM,0.25,precision,0.2487354299538157
lowercase,SVM,0.25,fscore,0.2493661117848087
lowercase,SVM,1.0,recall,0.25
lowercase,SVM,1.0,precision,0.2487354299538157
lowercase,SVM,1.0,fscore,0.2493661117848087
lowercase,SVM,4.0,recall,0.25
lowercase,SVM,4.0,precision,0.2487354299538157
lowercase,SVM,4.0,fscore,0.2493661117848087
ngrams,SVM,0.25,recall,0.25
ngrams,SVM,0.25,precision,0.2487355226506377
ngrams,SVM,0.25,fscore,0.24936615836854675
ngrams,SVM,1.0,recall,0.24976055404111105
ngrams,SVM,1.0,precision,0.2487343165309267
ngrams,SVM,1.0,fscore,0.2492463789427248
ngrams,SVM,4.0,recall,0.25
ngrams,SVM,4.0,precision,0.2487355226506377
ngrams,SVM,4.0,fscore,0.24936615836854675
ngrams,SVM,0.25,recall,0.25
ngrams,SVM,0.25,precision,0.2487355226506377
ngrams,SVM,0.25,fscore,0.24936615836854675
ngrams,SVM,1.0,recall,0.25
ngrams,SVM,1.0,precision,0.2487355226506377
ngrams,SVM,1.0,fscore,0.24936615836854675
ngrams,SVM,4.0,recall,0.2499447432402564
ngrams,SVM,4.0,precision,0.2487352445193929
ngrams,SVM,4.0,fscore,0.2493385271203881
ngrams,SVM,0.25,recall,0.25
ngrams,SVM,0.25,precision,0.2487355226506377
ngrams,SVM,0.25,fscore,0.24936615836854675
ngrams,SVM,1.0,recall,0.25
ngrams,SVM,1.0,precision,0.2487355226506377
ngrams,SVM,1.0,fscore,0.24936615836854675
ngrams,SVM,4.0,recall,0.25
ngrams,SVM,4.0,precision,0.2487355226506377
ngrams,SVM,4.0,fscore,0.24936615836854675
ngrams,SVM,0.25,recall,0.25
ngrams,SVM,0.25,precision,0.2487355226506377
ngrams,SVM,0.25,fscore,0.24936615836854675
ngrams,SVM,1.0,recall,0.25
ngrams,SVM,1.0,precision,0.2487355226506377
ngrams,SVM,1.0,fscore,0.24936615836854675
ngrams,SVM,4.0,recall,0.24825020260811906
ngrams,SVM,4.0,precision,0.24876338132152084
ngrams,SVM,4.0,fscore,0.2485065270300169
ngrams,SVM,0.25,recall,0.25
ngrams,SVM,0.25,precision,0.2487355226506377
ngrams,SVM,0.25,fscore,0.24936615836854675
ngrams,SVM,1.0,recall,0.2559317906963789
ngrams,SVM,1.0,precision,0.2714984560593833
ngrams,SVM,1.0,fscore,0.25891695791342906
ngrams,SVM,4.0,recall,0.25
ngrams,SVM,4.0,precision,0.2487355226506377
ngrams,SVM,4.0,fscore,0.24936615836854675
ngrams,SVM,0.25,recall,0.25
ngrams,SVM,0.25,precision,0.2487171968919513
ngrams,SVM,0.25,fscore,0.24935694862938196
ngrams,SVM,1.0,recall,0.25
ngrams,SVM,1.0,precision,0.2487171968919513
ngrams,SVM,1.0,fscore,0.24935694862938196
ngrams,SVM,4.0,recall,0.25
ngrams,SVM,4.0,precision,0.2487171968919513
ngrams,SVM,4.0,fscore,0.24935694862938196
ngrams,SVM,0.25,recall,0.25
ngrams,SVM,0.25,precision,0.2487354299538157
ngrams,SVM,0.25,fscore,0.2493661117848087
ngrams,SVM,1.0,recall,0.25
ngrams,SVM,1.0,precision,0.2487536656891496
ngrams,SVM,1.0,fscore,0.24937527561369985
ngrams,SVM,4.0,recall,0.2499447391688771
ngrams,SVM,4.0,precision,0.24873515178178615
ngrams,SVM,4.0,fscore,0.2493384785005513
ngrams,SVM,0.25,recall,0.2562128962991032
ngrams,SVM,0.25,precision,0.25036466178431066
ngrams,SVM,0.25,fscore,0.2493398581994621
ngrams,SVM,1.0,recall,0.25
ngrams,SVM,1.0,precision,0.2487354299538157
ngrams,SVM,1.0,fscore,0.2493661117848087
ngrams,SVM,4.0,recall,0.25
ngrams,SVM,4.0,precision,0.2487354299538157
ngrams,SVM,4.0,fscore,0.2493661117848087
ngrams,SVM,0.25,recall,0.25
ngrams,SVM,0.25,precision,0.2487354299538157
ngrams,SVM,0.25,fscore,0.2493661117848087
ngrams,SVM,1.0,recall,0.25
ngrams,SVM,1.0,precision,0.2487354299538157
ngrams,SVM,1.0,fscore,0.2493661117848087
ngrams,SVM,4.0,recall,0.25
ngrams,SVM,4.0,precision,0.2487354299538157
ngrams,SVM,4.0,fscore,0.2493661117848087
ngrams,SVM,0.25,recall,0.25
ngrams,SVM,0.25,precision,0.2487354299538157
ngrams,SVM,0.25,fscore,0.2493661117848087
ngrams,SVM,1.0,recall,0.25
ngrams,SVM,1.0,precision,0.2487354299538157
ngrams,SVM,1.0,fscore,0.2493661117848087
ngrams,SVM,4.0,recall,0.25
ngrams,SVM,4.0,precision,0.2487354299538157
ngrams,SVM,4.0,fscore,0.2493661117848087
stem,SVM,0.25,recall,0.25
stem,SVM,0.25,precision,0.2487537570559343
stem,SVM,0.25,fscore,0.2493753215256853
stem,SVM,1.0,recall,0.25
stem,SVM,1.0,precision,0.2487355226506377
stem,SVM,1.0,fscore,0.24936615836854675
stem,SVM,4.0,recall,0.25
stem,SVM,4.0,precision,0.2487355226506377
stem,SVM,4.0,fscore,0.24936615836854675
stem,SVM,0.25,recall,0.25
stem,SVM,0.25,precision,0.2487355226506377
stem,SVM,0.25,fscore,0.24936615836854675
stem,SVM,1.0,recall,0.25
stem,SVM,1.0,precision,0.2487355226506377
stem,SVM,1.0,fscore,0.24936615836854675
stem,SVM,4.0,recall,0.25
stem,SVM,4.0,precision,0.2487355226506377
stem,SVM,4.0,fscore,0.24936615836854675
stem,SVM,0.25,recall,0.25
stem,SVM,0.25,precision,0.2487355226506377
stem,SVM,0.25,fscore,0.24936615836854675
stem,SVM,1.0,recall,0.25
stem,SVM,1.0,precision,0.2487355226506377
stem,SVM,1.0,fscore,0.24936615836854675
stem,SVM,4.0,recall,0.25
stem,SVM,4.0,precision,0.2487355226506377
stem,SVM,4.0,fscore,0.24936615836854675
stem,SVM,0.25,recall,0.2499079054004273
stem,SVM,0.25,precision,0.24873505903057855
stem,SVM,0.25,fscore,0.2493201029033444
stem,SVM,1.0,recall,0.25
stem,SVM,1.0,precision,0.2487355226506377
stem,SVM,1.0,fscore,0.24936615836854675
stem,SVM,4.0,recall,0.25
stem,SVM,4.0,precision,0.2487355226506377
stem,SVM,4.0,fscore,0.24936615836854675
stem,SVM,0.25,recall,0.25
stem,SVM,0.25,precision,0.2487355226506377
stem,SVM,0.25,fscore,0.24936615836854675
stem,SVM,1.0,recall,0.25
stem,SVM,1.0,precision,0.2487355226506377
stem,SVM,1.0,fscore,0.24936615836854675
stem,SVM,4.0,recall,0.25
stem,SVM,4.0,precision,0.2487355226506377
stem,SVM,4.0,fscore,0.24936615836854675
stem,SVM,0.25,recall,0.25
stem,SVM,0.25,precision,0.2487171968919513
stem,SVM,0.25,fscore,0.24935694862938196
stem,SVM,1.0,recall,0.25
stem,SVM,1.0,precision,0.2487171968919513
stem,SVM,1.0,fscore,0.24935694862938196
stem,SVM,4.0,recall,0.25
stem,SVM,4.0,precision,0.2487171968919513
stem,SVM,4.0,fscore,0.24935694862938196
stem,SVM,0.25,recall,0.25
stem,SVM,0.25,precision,0.2487354299538157
stem,SVM,0.25,fscore,0.2493661117848087
stem,SVM,1.0,recall,0.2497421161214265
stem,SVM,1.0,precision,0.24880716435440065
stem,SVM,1.0,fscore,0.24927376355947786
stem,SVM,4.0,recall,0.25
stem,SVM,4.0,precision,0.2487354299538157
stem,SVM,4.0,fscore,0.2493661117848087
stem,SVM,0.25,recall,0.25
stem,SVM,0.25,precision,0.2487354299538157
stem,SVM,0.25,fscore,0.2493661117848087
stem,SVM,1.0,recall,0.25
stem,SVM,1.0,precision,0.2487354299538157
stem,SVM,1.0,fscore,0.2493661117848087
stem,SVM,4.0,recall,0.25
stem,SVM,4.0,precision,0.2487354299538157
stem,SVM,4.0,fscore,0.2493661117848087
stem,SVM,0.25,recall,0.24998157972295906
stem,SVM,0.25,precision,0.24873533724340174
stem,SVM,0.25,fscore,0.249356901367044
stem,SVM,1.0,recall,0.25
stem,SVM,1.0,precision,0.2487354299538157
stem,SVM,1.0,fscore,0.2493661117848087
stem,SVM,4.0,recall,0.25
stem,SVM,4.0,precision,0.2487354299538157
stem,SVM,4.0,fscore,0.2493661117848087
stem,SVM,0.25,recall,0.25
stem,SVM,0.25,precision,0.2487354299538157
stem,SVM,0.25,fscore,0.2493661117848087
stem,SVM,1.0,recall,0.25
stem,SVM,1.0,precision,0.2487354299538157
stem,SVM,1.0,fscore,0.2493661117848087
stem,SVM,4.0,recall,0.25
stem,SVM,4.0,precision,0.2487354299538157
stem,SVM,4.0,fscore,0.2493661117848087
tf_ponderisanje,SVM,0.25,recall,0.25
tf_ponderisanje,SVM,0.25,precision,0.2487355226506377
tf_ponderisanje,SVM,0.25,fscore,0.24936615836854675
tf_ponderisanje,SVM,1.0,recall,0.25
tf_ponderisanje,SVM,1.0,precision,0.2487355226506377
tf_ponderisanje,SVM,1.0,fscore,0.24936615836854675
tf_ponderisanje,SVM,4.0,recall,0.25
tf_ponderisanje,SVM,4.0,precision,0.2487355226506377
tf_ponderisanje,SVM,4.0,fscore,0.24936615836854675
tf_ponderisanje,SVM,0.25,recall,0.25
tf_ponderisanje,SVM,0.25,precision,0.2487355226506377
tf_ponderisanje,SVM,0.25,fscore,0.24936615836854675
tf_ponderisanje,SVM,1.0,recall,0.25
tf_ponderisanje,SVM,1.0,precision,0.2487355226506377
tf_ponderisanje,SVM,1.0,fscore,0.24936615836854675
tf_ponderisanje,SVM,4.0,recall,0.2498526486406837
tf_ponderisanje,SVM,4.0,precision,0.2487347806953205
tf_ponderisanje,SVM,4.0,fscore,0.24929246149887901
tf_ponderisanje,SVM,0.25,recall,0.25
tf_ponderisanje,SVM,0.25,precision,0.2487355226506377
tf_ponderisanje,SVM,0.25,fscore,0.24936615836854675
tf_ponderisanje,SVM,1.0,recall,0.25
tf_ponderisanje,SVM,1.0,precision,0.2487355226506377
tf_ponderisanje,SVM,1.0,fscore,0.24936615836854675
tf_ponderisanje,SVM,4.0,recall,0.25
tf_ponderisanje,SVM,4.0,precision,0.2487355226506377
tf_ponderisanje,SVM,4.0,fscore,0.24936615836854675
tf_ponderisanje,SVM,0.25,recall,0.25
tf_ponderisanje,SVM,0.25,precision,0.2487355226506377
tf_ponderisanje,SVM,0.25,fscore,0.24936615836854675
tf_ponderisanje,SVM,1.0,recall,0.25
tf_ponderisanje,SVM,1.0,precision,0.2487355226506377
tf_ponderisanje,SVM,1.0,fscore,0.24936615836854675
tf_ponderisanje,SVM,4.0,recall,0.25
tf_ponderisanje,SVM,4.0,precision,0.2487355226506377
tf_ponderisanje,SVM,4.0,fscore,0.24936615836854675
tf_ponderisanje,SVM,0.25,recall,0.25
tf_ponderisanje,SVM,0.25,precision,0.2487355226506377
tf_ponderisanje,SVM,0.25,fscore,0.24936615836854675
tf_ponderisanje,SVM,1.0,recall,0.25
tf_ponderisanje,SVM,1.0,precision,0.2487355226506377
tf_ponderisanje,SVM,1.0,fscore,0.24936615836854675
tf_ponderisanje,SVM,4.0,recall,0.25
tf_ponderisanje,SVM,4.0,precision,0.2487355226506377
tf_ponderisanje,SVM,4.0,fscore,0.24936615836854675
tf_ponderisanje,SVM,0.25,recall,0.25
tf_ponderisanje,SVM,0.25,precision,0.2487171968919513
tf_ponderisanje,SVM,0.25,fscore,0.24935694862938196
tf_ponderisanje,SVM,1.0,recall,0.25
tf_ponderisanje,SVM,1.0,precision,0.2487171968919513
tf_ponderisanje,SVM,1.0,fscore,0.24935694862938196
tf_ponderisanje,SVM,4.0,recall,0.25
tf_ponderisanje,SVM,4.0,precision,0.2487171968919513
tf_ponderisanje,SVM,4.0,fscore,0.24935694862938196
tf_ponderisanje,SVM,0.25,recall,0.25
tf_ponderisanje,SVM,0.25,precision,0.2487354299538157
tf_ponderisanje,SVM,0.25,fscore,0.2493661117848087
tf_ponderisanje,SVM,1.0,recall,0.25
tf_ponderisanje,SVM,1.0,precision,0.2487354299538157
tf_ponderisanje,SVM,1.0,fscore,0.2493661117848087
tf_ponderisanje,SVM,4.0,recall,0.25
tf_ponderisanje,SVM,4.0,precision,0.2487354299538157
tf_ponderisanje,SVM,4.0,fscore,0.2493661117848087
tf_ponderisanje,SVM,0.25,recall,0.25
tf_ponderisanje,SVM,0.25,precision,0.2487354299538157
tf_ponderisanje,SVM,0.25,fscore,0.2493661117848087
tf_ponderisanje,SVM,1.0,recall,0.25
tf_ponderisanje,SVM,1.0,precision,0.2487354299538157
tf_ponderisanje,SVM,1.0,fscore,0.2493661117848087
tf_ponderisanje,SVM,4.0,recall,0.25
tf_ponderisanje,SVM,4.0,precision,0.2487354299538157
tf_ponderisanje,SVM,4.0,fscore,0.2493661117848087
tf_ponderisanje,SVM,0.25,recall,0.25
tf_ponderisanje,SVM,0.25,precision,0.2487354299538157
tf_ponderisanje,SVM,0.25,fscore,0.2493661117848087
tf_ponderisanje,SVM,1.0,recall,0.25
tf_ponderisanje,SVM,1.0,precision,0.2487354299538157
tf_ponderisanje,SVM,1.0,fscore,0.2493661117848087
tf_ponderisanje,SVM,4.0,recall,0.25
tf_ponderisanje,SVM,4.0,precision,0.2487354299538157
tf_ponderisanje,SVM,4.0,fscore,0.2493661117848087
tf_ponderisanje,SVM,0.25,recall,0.25
tf_ponderisanje,SVM,0.25,precision,0.2487354299538157
tf_ponderisanje,SVM,0.25,fscore,0.2493661117848087
tf_ponderisanje,SVM,1.0,recall,0.25
tf_ponderisanje,SVM,1.0,precision,0.2487354299538157
tf_ponderisanje,SVM,1.0,fscore,0.2493661117848087
tf_ponderisanje,SVM,4.0,recall,0.25
tf_ponderisanje,SVM,4.0,precision,0.2487354299538157
tf_ponderisanje,SVM,4.0,fscore,0.2493661117848087
